cust_num,respond,gender,age,numpurch,totdol,region,addresstype
1,"no","male",37,1,59,"west","urban"
2,"no","male",41,2,118,"northeast","rural"
3,"no","male",37,1,60,"midwest","urban"
4,"yes","male",36,2,497,"midatlantic","urban"
5,"no","male",36,1,64,"midatlantic","rural"
6,"no","male",33,2,61,"southeast","urban"
7,"no","male",44,1,62,"midwest","urban"
8,"no","male",43,2,50,"northeast","urban"
9,"no","male",35,2,53,"northeast","urban"
10,"yes","male",55,8,4339,"southeast","rural"
11,"no","male",32,2,97,"midatlantic","urban"
12,"yes","female",38,2,151,"midwest","urban"
13,"yes","female",54,6,2286,"southeast","urban"
14,"no","male",35,2,199,"midatlantic","rural"
15,"no","female",35,1,946,"midwest","urban"
16,"no","male",32,2,56,"midatlantic","rural"
17,"no","male",42,2,58,"southeast","urban"
18,"no","male",42,2,64,"northeast","urban"
19,"no","male",43,2,52,"west","urban"
20,"no","male",39,3,75,"northeast","rural"
21,"yes","male",44,15,6218,"midwest","urban"
22,"no","male",30,1,54,"midatlantic","urban"
23,"no","male",43,1,76,"west","urban"
24,"no","female",35,1,144,"midwest","rural"
25,"no","male",38,2,121,"midwest","rural"
26,"no","male",33,2,61,"southeast","urban"
27,"no","male",38,1,57,"southcentral","urban"
28,"no","male",36,1,326,"midwest","rural"
29,"yes","male",36,1,53,"southeast","urban"
30,"no","male",42,2,62,"west","rural"
31,"yes","male",39,1,57,"midatlantic","rural"
32,"yes","male",37,1,54,"midwest","rural"
33,"no","male",43,2,254,"northeast","urban"
34,"yes","female",39,2,52,"northeast","urban"
35,"no","female",38,2,75,"midatlantic","urban"
36,"no","female",35,2,55,"midatlantic","urban"
37,"no","male",40,2,65,"northeast","rural"
38,"no","male",37,1,210,"northeast","urban"
39,"no","male",37,1,59,"northeast","urban"
40,"no","female",38,2,363,"midatlantic","urban"
41,"no","female",44,1,56,"southeast","rural"
42,"no","male",36,3,484,"southeast","urban"
43,"yes","female",40,2,57,"northeast","urban"
44,"no","female",31,4,247,"midatlantic","urban"
45,"yes","male",43,6,2314,"northeast","rural"
46,"no","male",44,1,60,"midwest","urban"
47,"no","male",51,5,1147,"northeast","urban"
48,"no","male",33,1,83,"midwest","rural"
49,"no","male",35,1,205,"southeast","urban"
50,"no","male",46,1,51,"midwest","rural"
51,"no","male",35,1,57,"midatlantic","urban"
52,"no","male",34,2,551,"southeast","rural"
53,"no","female",41,3,1698,"west","urban"
54,"no","male",39,1,69,"midwest","urban"
55,"no","male",41,1,54,"southeast","urban"
56,"no","male",41,1,54,"midwest","urban"
57,"no","male",43,2,568,"midwest","urban"
58,"no","male",39,2,576,"midatlantic","urban"
59,"no","male",41,1,194,"midwest","urban"
60,"no","male",38,1,64,"west","urban"
61,"no","male",37,1,78,"midwest","rural"
62,"no","male",38,2,52,"midwest","urban"
63,"no","male",39,1,67,"midatlantic","urban"
64,"no","male",40,1,68,"midatlantic","rural"
65,"no","male",33,2,56,"northeast","rural"
66,"no","male",35,1,83,"west","rural"
67,"no","male",42,1,58,"southcentral","urban"
68,"no","male",37,1,52,"midatlantic","urban"
69,"yes","male",40,6,2638,"northeast","rural"
70,"yes","female",40,1,68,"west","urban"
71,"no","male",42,3,1206,"southcentral","urban"
72,"no","male",33,1,54,"northeast","urban"
73,"no","male",39,1,66,"west","urban"
74,"no","male",42,1,59,"northeast","rural"
75,"no","male",33,1,51,"midatlantic","urban"
76,"no","male",23,1,68,"midwest","urban"
77,"no","female",38,1,202,"northeast","urban"
78,"no","male",35,2,760,"northeast","urban"
79,"yes","female",36,1,90,"southeast","urban"
80,"no","male",39,3,339,"midwest","urban"
81,"no","male",35,2,163,"northeast","rural"
82,"no","female",34,1,55,"midwest","urban"
83,"no","male",39,1,61,"northeast","urban"
84,"no","male",41,1,201,"midatlantic","urban"
85,"no","male",36,2,335,"southeast","urban"
86,"no","female",35,1,59,"northeast","urban"
87,"no","male",34,1,194,"southcentral","urban"
88,"no","male",37,2,77,"northeast","rural"
89,"no","male",43,1,72,"midatlantic","urban"
90,"yes","female",42,3,61,"northeast","urban"
91,"no","male",33,2,359,"midatlantic","urban"
92,"no","male",38,2,63,"west","urban"
93,"no","male",32,2,860,"midatlantic","urban"
94,"no","male",42,1,59,"midwest","rural"
95,"no","male",32,2,61,"southeast","rural"
96,"no","male",37,2,577,"southeast","urban"
97,"yes","male",30,1,251,"west","urban"
98,"no","female",36,2,79,"midwest","urban"
99,"no","male",35,1,56,"west","rural"
100,"no","male",38,1,55,"southeast","rural"
101,"no","male",38,3,1089,"southcentral","rural"
102,"no","male",37,2,459,"midwest","rural"
103,"no","male",36,1,55,"midwest","urban"
104,"no","male",39,2,51,"midwest","urban"
105,"no","male",40,1,55,"west","rural"
106,"no","female",33,1,59,"midwest","rural"
107,"no","male",42,3,207,"northeast","urban"
108,"no","male",36,1,111,"southcentral","rural"
109,"no","female",34,1,59,"northeast","urban"
110,"no","male",35,1,52,"midwest","rural"
111,"no","male",39,2,77,"southeast","urban"
112,"no","male",36,2,74,"northeast","rural"
113,"no","male",40,2,55,"midwest","urban"
114,"no","female",35,1,92,"midatlantic","urban"
115,"no","male",41,1,90,"west","rural"
116,"no","male",35,1,62,"west","urban"
117,"no","male",37,1,71,"northeast","rural"
118,"no","female",41,2,59,"southeast","urban"
119,"no","male",36,1,146,"west","urban"
120,"no","female",37,3,80,"midwest","rural"
121,"no","female",37,1,84,"midatlantic","urban"
122,"no","female",40,2,101,"west","rural"
123,"no","male",40,2,389,"northeast","urban"
124,"yes","female",42,7,2736,"northeast","urban"
125,"no","female",31,1,125,"midatlantic","urban"
126,"no","male",35,1,125,"northeast","rural"
127,"no","male",35,2,101,"midwest","rural"
128,"no","male",35,1,246,"southcentral","rural"
129,"no","male",32,2,68,"southcentral","urban"
130,"no","female",42,1,56,"northeast","urban"
131,"yes","male",41,1,66,"midwest","rural"
132,"no","male",37,7,3999,"northeast","rural"
133,"no","male",37,1,80,"midatlantic","urban"
134,"no","male",32,1,52,"southeast","urban"
135,"no","male",42,2,57,"southeast","urban"
136,"no","male",39,1,105,"midwest","urban"
137,"no","male",37,1,69,"southcentral","urban"
138,"yes","male",41,1,229,"midwest","urban"
139,"no","male",37,2,69,"west","urban"
140,"no","male",29,1,68,"west","rural"
141,"no","male",35,2,174,"midatlantic","urban"
142,"no","male",44,1,71,"midwest","urban"
143,"no","male",37,3,647,"midwest","urban"
144,"no","male",25,1,51,"west","urban"
145,"no","male",39,3,67,"northeast","urban"
146,"no","female",33,1,55,"southeast","urban"
147,"no","male",43,1,84,"midatlantic","rural"
148,"no","male",37,1,238,"southeast","rural"
149,"no","female",37,2,63,"midatlantic","rural"
150,"no","male",41,2,58,"midatlantic","rural"
151,"no","male",41,1,263,"midatlantic","urban"
152,"no","female",38,2,76,"midatlantic","urban"
153,"no","male",36,2,57,"midwest","urban"
154,"no","male",45,2,71,"northeast","urban"
155,"no","male",32,1,187,"midatlantic","rural"
156,"yes","female",36,1,72,"west","urban"
157,"no","male",37,1,54,"midatlantic","urban"
158,"no","female",45,2,59,"southeast","urban"
159,"yes","male",46,1,58,"midatlantic","urban"
160,"no","female",39,2,609,"midatlantic","rural"
161,"no","male",44,2,73,"midwest","urban"
162,"no","female",44,1,54,"midatlantic","rural"
163,"no","female",37,1,96,"midatlantic","urban"
164,"no","male",38,1,55,"northeast","urban"
165,"no","male",39,1,247,"southcentral","urban"
166,"no","female",35,1,436,"southcentral","rural"
167,"no","male",35,2,173,"midatlantic","urban"
168,"no","male",41,1,72,"midatlantic","urban"
169,"no","male",37,1,77,"west","rural"
170,"no","male",45,2,59,"midwest","rural"
171,"yes","female",44,2,768,"midatlantic","rural"
172,"no","male",37,1,64,"southeast","urban"
173,"yes","female",42,6,3064,"northeast","urban"
174,"no","male",38,1,98,"west","urban"
175,"yes","female",37,2,151,"midwest","rural"
176,"no","male",31,1,74,"west","urban"
177,"no","female",42,2,511,"midwest","urban"
178,"yes","female",41,1,59,"midatlantic","urban"
179,"yes","male",38,1,52,"northeast","rural"
180,"yes","male",38,2,50,"southcentral","urban"
181,"yes","male",35,1,54,"midwest","urban"
182,"no","male",42,1,67,"midatlantic","urban"
183,"no","male",42,1,91,"midwest","urban"
184,"no","female",36,1,67,"southeast","rural"
185,"no","female",35,1,53,"midatlantic","rural"
186,"no","male",44,3,1267,"southcentral","urban"
187,"no","male",35,1,73,"west","rural"
188,"yes","female",38,1,52,"midwest","urban"
189,"no","male",33,1,233,"northeast","urban"
190,"no","male",38,2,105,"midwest","rural"
191,"no","female",38,1,195,"west","rural"
192,"no","male",37,5,1764,"west","urban"
193,"no","male",38,1,215,"northeast","rural"
194,"no","male",35,2,74,"southeast","urban"
195,"yes","male",39,4,2070,"midwest","urban"
196,"no","male",42,2,155,"northeast","rural"
197,"no","male",42,2,58,"midwest","rural"
198,"no","male",37,4,592,"west","rural"
199,"no","male",34,2,60,"southeast","urban"
200,"no","male",32,1,59,"southcentral","rural"
201,"no","male",35,2,497,"midwest","urban"
202,"no","male",32,1,217,"midwest","urban"
203,"no","male",40,3,65,"northeast","urban"
204,"no","male",29,1,56,"midatlantic","rural"
205,"no","male",34,1,406,"midwest","urban"
206,"no","male",37,1,52,"west","urban"
207,"no","female",40,2,358,"west","urban"
208,"no","male",35,1,70,"midwest","urban"
209,"yes","male",40,3,54,"northeast","urban"
210,"no","male",35,2,63,"midatlantic","urban"
211,"no","male",34,1,97,"midwest","urban"
212,"no","male",36,1,437,"northeast","rural"
213,"no","male",29,4,1607,"midwest","urban"
214,"no","male",41,2,59,"west","rural"
215,"no","female",41,4,783,"midatlantic","rural"
216,"no","male",45,2,68,"northeast","rural"
217,"no","male",36,3,608,"northeast","urban"
218,"no","female",41,2,100,"midwest","urban"
219,"no","male",37,1,51,"northeast","rural"
220,"no","male",31,2,1238,"midwest","urban"
221,"no","male",36,2,54,"west","rural"
222,"no","male",45,1,52,"southeast","rural"
223,"no","male",34,2,493,"west","rural"
224,"no","male",36,1,96,"northeast","rural"
225,"no","male",37,3,841,"midatlantic","urban"
226,"no","male",36,1,332,"northeast","urban"
227,"no","female",41,1,178,"southeast","rural"
228,"no","female",33,2,95,"midwest","urban"
229,"no","male",35,3,668,"southcentral","urban"
230,"no","male",42,1,61,"midwest","urban"
231,"yes","male",30,1,56,"northeast","rural"
232,"no","female",37,2,341,"midatlantic","rural"
233,"no","female",41,2,73,"midwest","rural"
234,"no","male",32,2,118,"southcentral","rural"
235,"no","male",35,1,150,"midwest","rural"
236,"no","female",43,1,58,"midwest","urban"
237,"no","male",37,1,120,"northeast","rural"
238,"no","male",47,1,241,"midwest","urban"
239,"no","female",37,1,122,"west","rural"
240,"no","male",36,1,70,"northeast","urban"
241,"no","male",38,2,163,"southcentral","rural"
242,"no","male",34,1,60,"west","urban"
243,"no","male",39,2,63,"southeast","urban"
244,"no","male",43,1,65,"midatlantic","urban"
245,"no","male",44,1,127,"midwest","urban"
246,"yes","male",41,2,268,"northeast","urban"
247,"no","male",34,1,116,"midatlantic","urban"
248,"no","male",41,1,82,"midatlantic","urban"
249,"no","male",33,2,223,"southeast","rural"
250,"no","male",37,2,53,"southeast","urban"
251,"no","male",39,1,53,"west","urban"
252,"no","male",35,1,61,"southeast","urban"
253,"no","male",37,1,58,"southeast","urban"
254,"yes","male",32,1,58,"northeast","urban"
255,"no","male",34,1,85,"northeast","urban"
256,"yes","male",40,2,67,"west","rural"
257,"no","female",35,1,51,"midwest","rural"
258,"no","male",46,1,54,"midwest","urban"
259,"no","male",41,2,81,"southcentral","rural"
260,"no","male",40,2,254,"northeast","rural"
261,"no","female",32,3,56,"northeast","urban"
262,"no","male",33,1,57,"southcentral","urban"
263,"no","female",39,1,73,"west","urban"
264,"yes","female",43,1,61,"midwest","urban"
265,"no","male",38,1,62,"northeast","rural"
266,"no","male",35,1,89,"midwest","rural"
267,"no","female",30,2,162,"midwest","urban"
268,"yes","male",38,2,359,"midwest","rural"
269,"no","male",41,1,72,"midwest","rural"
270,"no","male",36,1,53,"southeast","urban"
271,"no","female",38,2,152,"west","rural"
272,"no","male",35,1,70,"southcentral","urban"
273,"no","male",29,1,54,"southeast","rural"
274,"no","male",33,2,93,"midwest","urban"
275,"yes","male",35,2,60,"west","urban"
276,"no","female",42,2,158,"midwest","urban"
277,"no","female",47,1,76,"southcentral","urban"
278,"no","male",41,2,905,"southeast","urban"
279,"no","male",36,4,57,"west","rural"
280,"no","female",35,2,99,"west","rural"
281,"yes","male",39,2,192,"west","rural"
282,"no","male",33,1,58,"midatlantic","urban"
283,"no","female",42,1,141,"midatlantic","urban"
284,"no","male",38,1,169,"northeast","rural"
285,"no","female",44,6,3186,"midatlantic","urban"
286,"no","female",39,5,1593,"northeast","urban"
287,"yes","female",34,1,57,"midwest","urban"
288,"yes","male",41,1,61,"midatlantic","urban"
289,"no","female",41,1,59,"southcentral","urban"
290,"no","male",49,1,71,"midatlantic","urban"
291,"no","female",39,2,63,"midwest","urban"
292,"no","male",36,1,60,"midatlantic","urban"
293,"no","male",41,4,1185,"southcentral","urban"
294,"no","male",37,1,55,"northeast","urban"
295,"no","male",41,1,248,"midatlantic","rural"
296,"no","male",32,1,164,"midatlantic","urban"
297,"no","male",37,1,79,"northeast","urban"
298,"no","male",30,2,71,"southcentral","rural"
299,"no","male",35,1,52,"northeast","urban"
300,"no","male",40,1,211,"midatlantic","urban"
301,"no","male",34,2,156,"midatlantic","urban"
302,"no","male",37,2,51,"southeast","urban"
303,"no","female",30,2,77,"midwest","urban"
304,"no","female",37,2,104,"northeast","urban"
305,"no","male",38,2,160,"midwest","rural"
306,"no","male",34,1,74,"northeast","urban"
307,"no","male",37,2,158,"midwest","urban"
308,"no","female",38,1,60,"midwest","rural"
309,"no","female",42,1,51,"southcentral","urban"
310,"no","male",38,2,76,"northeast","rural"
311,"yes","male",33,1,67,"northeast","urban"
312,"no","male",40,1,251,"midwest","rural"
313,"no","male",37,2,239,"midwest","urban"
314,"no","male",37,1,53,"midwest","urban"
315,"no","male",34,2,53,"southcentral","urban"
316,"yes","female",45,1,64,"midwest","rural"
317,"no","male",31,2,79,"northeast","rural"
318,"no","female",34,1,53,"southcentral","urban"
319,"no","male",40,1,61,"midwest","rural"
320,"no","female",34,2,231,"west","urban"
321,"no","female",34,1,181,"northeast","urban"
322,"no","male",33,2,56,"midwest","urban"
323,"no","male",35,1,176,"midwest","rural"
324,"no","male",39,2,1235,"northeast","urban"
325,"no","male",43,1,59,"midatlantic","urban"
326,"no","male",54,8,5295,"west","rural"
327,"no","male",28,1,79,"west","urban"
328,"no","male",37,1,70,"northeast","urban"
329,"no","male",41,1,64,"west","rural"
330,"no","male",36,1,373,"northeast","urban"
331,"yes","male",39,2,139,"midwest","rural"
332,"no","male",36,1,68,"midwest","urban"
333,"yes","female",42,1,59,"northeast","rural"
334,"no","male",39,2,383,"midwest","urban"
335,"no","male",34,3,546,"northeast","urban"
336,"yes","male",38,2,379,"west","rural"
337,"yes","male",41,1,185,"west","urban"
338,"no","male",32,1,50,"northeast","urban"
339,"no","male",44,1,66,"west","urban"
340,"no","female",44,1,207,"midwest","urban"
341,"yes","female",40,1,95,"northeast","urban"
342,"no","male",38,1,60,"northeast","urban"
343,"no","male",37,2,76,"midwest","urban"
344,"no","male",44,1,66,"southcentral","rural"
345,"no","male",35,1,55,"midatlantic","urban"
346,"no","female",38,1,57,"northeast","urban"
347,"no","male",39,3,840,"midatlantic","rural"
348,"no","male",37,1,57,"midatlantic","rural"
349,"no","male",40,1,51,"midwest","rural"
350,"no","male",40,1,164,"midatlantic","urban"
351,"no","male",41,1,53,"west","urban"
352,"no","male",34,1,91,"west","urban"
353,"no","male",42,2,78,"northeast","urban"
354,"no","female",44,2,68,"northeast","urban"
355,"no","male",34,3,64,"northeast","urban"
356,"no","male",38,6,2744,"midwest","urban"
357,"yes","male",34,1,715,"midatlantic","urban"
358,"no","male",40,1,564,"northeast","urban"
359,"no","male",39,1,56,"northeast","urban"
360,"no","male",35,1,73,"west","urban"
361,"no","female",33,2,100,"midatlantic","urban"
362,"no","female",28,2,77,"midatlantic","rural"
363,"no","male",36,1,204,"midatlantic","rural"
364,"no","male",33,2,55,"midwest","urban"
365,"no","male",40,1,131,"midwest","urban"
366,"no","male",48,1,92,"midwest","urban"
367,"no","male",37,3,64,"midwest","urban"
368,"no","male",36,1,313,"west","urban"
369,"no","male",37,1,125,"midwest","urban"
370,"yes","male",37,3,63,"northeast","urban"
371,"no","male",40,1,52,"southcentral","rural"
372,"yes","male",41,3,831,"northeast","rural"
373,"no","female",41,2,57,"west","urban"
374,"no","male",37,2,176,"west","urban"
375,"no","male",39,2,52,"midatlantic","urban"
376,"no","female",35,1,57,"northeast","urban"
377,"no","male",37,1,203,"northeast","urban"
378,"no","female",39,6,1970,"southeast","urban"
379,"no","male",33,1,86,"midwest","rural"
380,"no","male",39,2,87,"west","rural"
381,"no","male",35,2,238,"midatlantic","urban"
382,"no","male",38,2,465,"midwest","urban"
383,"no","male",40,2,261,"midwest","urban"
384,"no","male",29,2,60,"midwest","urban"
385,"no","female",37,2,55,"midwest","urban"
386,"no","male",33,2,125,"midwest","rural"
387,"yes","female",44,1,57,"midatlantic","urban"
388,"yes","male",37,1,54,"midatlantic","rural"
389,"no","male",36,1,177,"west","rural"
390,"no","male",36,6,2873,"west","rural"
391,"no","male",34,1,52,"west","urban"
392,"no","male",33,2,56,"southeast","rural"
393,"no","male",38,2,54,"northeast","urban"
394,"yes","male",37,5,1221,"midatlantic","rural"
395,"no","male",47,8,3772,"midwest","urban"
396,"no","male",36,3,611,"west","urban"
397,"yes","male",45,2,64,"southeast","rural"
398,"no","female",41,2,647,"northeast","urban"
399,"no","male",41,2,60,"west","rural"
400,"no","male",38,2,54,"midatlantic","urban"
401,"no","male",30,1,52,"midwest","urban"
402,"no","male",42,1,63,"midatlantic","urban"
403,"no","male",35,2,115,"west","urban"
404,"no","male",42,1,116,"southeast","rural"
405,"no","male",35,1,56,"southeast","urban"
406,"no","male",39,1,69,"midwest","urban"
407,"no","male",36,2,59,"midwest","urban"
408,"no","male",37,1,72,"midatlantic","urban"
409,"no","male",38,1,123,"midatlantic","rural"
410,"yes","male",39,5,2050,"west","urban"
411,"no","female",29,1,53,"west","rural"
412,"no","male",41,2,62,"northeast","urban"
413,"no","female",25,1,627,"northeast","urban"
414,"yes","male",37,1,108,"northeast","rural"
415,"no","female",33,2,75,"midwest","rural"
416,"yes","male",37,3,173,"northeast","urban"
417,"no","female",41,2,55,"northeast","urban"
418,"no","male",40,1,62,"midatlantic","urban"
419,"no","male",45,1,52,"west","rural"
420,"no","female",44,1,61,"midwest","rural"
421,"no","male",46,1,65,"midwest","urban"
422,"no","male",40,2,55,"southcentral","urban"
423,"no","male",40,1,60,"west","rural"
424,"no","male",35,2,51,"southeast","rural"
425,"no","male",39,1,51,"west","rural"
426,"no","male",40,1,76,"midwest","rural"
427,"no","male",33,1,82,"northeast","rural"
428,"yes","male",38,4,1210,"southcentral","urban"
429,"no","male",41,1,89,"southeast","urban"
430,"no","male",36,1,206,"midwest","urban"
431,"yes","male",35,1,225,"west","rural"
432,"no","male",37,2,53,"west","urban"
433,"no","male",35,2,65,"west","rural"
434,"yes","male",37,1,195,"southcentral","rural"
435,"no","female",38,2,77,"midwest","rural"
436,"no","male",42,2,54,"midatlantic","rural"
437,"no","male",38,1,286,"southeast","rural"
438,"no","male",32,8,8763,"northeast","rural"
439,"no","female",39,2,62,"midatlantic","rural"
440,"no","male",37,2,80,"midatlantic","urban"
441,"no","male",39,2,84,"southcentral","urban"
442,"no","male",39,4,1403,"midwest","urban"
443,"no","male",39,1,54,"west","rural"
444,"no","male",36,1,77,"midatlantic","urban"
445,"no","male",42,2,52,"northeast","urban"
446,"no","female",35,1,409,"northeast","rural"
447,"no","female",35,1,72,"midwest","urban"
448,"no","female",33,1,118,"midwest","urban"
449,"yes","male",46,5,1465,"west","rural"
450,"no","male",36,1,54,"west","rural"
451,"no","male",36,1,60,"midwest","rural"
452,"no","female",35,2,174,"southcentral","urban"
453,"no","male",30,6,2162,"midwest","urban"
454,"no","male",38,1,73,"northeast","urban"
455,"yes","male",39,1,57,"west","rural"
456,"no","male",38,1,109,"southeast","rural"
457,"no","male",33,1,52,"midwest","urban"
458,"no","male",42,2,65,"west","urban"
459,"yes","female",34,1,86,"midwest","urban"
460,"no","male",36,2,71,"west","rural"
461,"no","female",34,1,59,"west","rural"
462,"no","male",44,1,64,"midatlantic","rural"
463,"no","male",31,2,61,"midwest","urban"
464,"no","male",34,1,192,"northeast","urban"
465,"no","male",39,1,60,"southcentral","urban"
466,"no","male",37,1,263,"midwest","rural"
467,"no","male",41,1,94,"west","rural"
468,"no","male",37,3,112,"southcentral","urban"
469,"no","female",40,2,74,"southcentral","urban"
470,"yes","female",36,3,533,"west","urban"
471,"no","female",34,2,461,"midatlantic","rural"
472,"no","male",43,3,746,"west","rural"
473,"no","male",36,3,654,"northeast","urban"
474,"no","female",33,1,302,"southcentral","rural"
475,"no","female",36,1,51,"midwest","rural"
476,"no","male",37,2,1245,"northeast","urban"
477,"no","male",35,2,66,"northeast","urban"
478,"no","male",40,5,1950,"southeast","urban"
479,"no","male",38,1,129,"west","urban"
480,"no","male",42,1,55,"midatlantic","urban"
481,"no","female",29,1,80,"midwest","urban"
482,"no","male",43,1,52,"northeast","urban"
483,"no","female",43,2,57,"midwest","rural"
484,"no","male",35,3,547,"midwest","rural"
485,"no","male",41,1,58,"midwest","urban"
486,"no","male",40,1,413,"west","rural"
487,"no","male",35,2,389,"southeast","urban"
488,"no","male",41,2,679,"southcentral","urban"
489,"no","male",34,5,1346,"southcentral","rural"
490,"no","male",31,1,57,"midatlantic","rural"
491,"no","male",42,2,1117,"midwest","urban"
492,"no","male",39,2,51,"northeast","rural"
493,"no","female",32,2,257,"southcentral","rural"
494,"no","male",35,2,55,"west","urban"
495,"no","male",37,2,69,"northeast","urban"
496,"no","male",42,1,58,"northeast","urban"
497,"no","male",39,2,60,"northeast","urban"
498,"yes","female",58,8,4099,"southcentral","urban"
499,"yes","male",32,2,68,"west","rural"
500,"no","female",41,1,95,"southcentral","urban"
501,"no","male",40,1,51,"southcentral","urban"
502,"no","male",36,3,1254,"midwest","urban"
503,"no","male",34,1,187,"midatlantic","rural"
504,"no","male",42,1,158,"southcentral","urban"
505,"no","male",37,2,355,"west","urban"
506,"no","male",34,1,54,"midwest","urban"
507,"no","female",33,2,254,"northeast","rural"
508,"yes","male",49,6,3165,"northeast","urban"
509,"no","male",36,1,290,"northeast","urban"
510,"no","male",36,1,62,"midatlantic","rural"
511,"no","male",34,1,76,"northeast","urban"
512,"no","male",37,2,153,"midwest","urban"
513,"no","male",48,2,60,"west","rural"
514,"no","male",36,1,85,"northeast","urban"
515,"no","female",37,1,53,"midatlantic","urban"
516,"no","male",41,1,73,"midwest","urban"
517,"no","male",40,1,140,"northeast","urban"
518,"no","male",32,2,53,"northeast","urban"
519,"yes","male",43,1,59,"northeast","urban"
520,"no","female",35,2,71,"southeast","urban"
521,"no","male",44,2,55,"midwest","urban"
522,"no","male",36,3,549,"southcentral","urban"
523,"no","male",43,1,105,"midatlantic","rural"
524,"no","male",31,1,56,"northeast","urban"
525,"no","female",42,8,5988,"midwest","urban"
526,"no","male",37,1,64,"southcentral","urban"
527,"no","male",45,8,6405,"midwest","rural"
528,"yes","male",37,1,55,"northeast","urban"
529,"no","male",34,3,56,"midwest","urban"
530,"no","male",42,1,52,"southeast","urban"
531,"no","male",38,2,53,"northeast","rural"
532,"no","male",33,1,55,"northeast","rural"
533,"no","male",35,1,157,"midwest","rural"
534,"no","male",37,2,354,"southcentral","urban"
535,"no","male",42,1,400,"southcentral","rural"
536,"no","female",42,2,70,"west","urban"
537,"no","female",32,1,78,"southeast","rural"
538,"no","female",41,1,53,"southcentral","urban"
539,"no","male",41,1,87,"west","rural"
540,"no","male",31,1,52,"midatlantic","urban"
541,"no","male",38,2,84,"northeast","rural"
542,"no","male",33,1,95,"northeast","urban"
543,"no","male",45,2,127,"midwest","urban"
544,"no","male",31,1,53,"west","rural"
545,"no","male",35,2,68,"midatlantic","urban"
546,"no","male",38,4,88,"northeast","rural"
547,"no","male",44,2,58,"southeast","urban"
548,"no","male",39,1,50,"northeast","urban"
549,"no","female",36,1,65,"midwest","rural"
550,"yes","male",40,1,75,"midatlantic","urban"
551,"no","male",38,1,89,"midwest","rural"
552,"no","female",34,1,58,"northeast","urban"
553,"no","male",26,1,122,"west","urban"
554,"no","female",35,1,60,"southcentral","urban"
555,"no","female",41,1,224,"west","urban"
556,"no","male",46,2,943,"northeast","urban"
557,"no","male",32,6,1941,"northeast","rural"
558,"no","male",38,5,1019,"northeast","rural"
559,"no","male",33,3,668,"midatlantic","urban"
560,"no","male",43,2,53,"midwest","rural"
561,"no","male",33,3,836,"west","rural"
562,"no","male",37,1,235,"northeast","urban"
563,"no","male",37,5,1039,"southeast","rural"
564,"no","female",46,1,72,"midwest","urban"
565,"no","female",29,2,118,"northeast","urban"
566,"no","male",38,2,57,"midwest","urban"
567,"no","female",39,1,122,"midatlantic","urban"
568,"no","male",34,2,63,"west","urban"
569,"no","male",36,3,553,"west","rural"
570,"yes","female",36,5,1690,"northeast","urban"
571,"no","male",41,1,57,"west","rural"
572,"no","male",34,2,214,"midatlantic","urban"
573,"no","female",29,1,52,"midwest","rural"
574,"no","male",37,1,51,"west","rural"
575,"no","male",41,2,61,"midwest","urban"
576,"no","female",35,2,182,"southcentral","rural"
577,"no","male",42,2,57,"northeast","rural"
578,"no","male",45,1,66,"northeast","urban"
579,"no","female",33,2,66,"west","urban"
580,"yes","male",36,2,57,"west","urban"
581,"no","male",33,2,55,"midwest","urban"
582,"no","male",42,2,474,"northeast","urban"
583,"no","male",42,2,79,"west","rural"
584,"no","male",36,3,68,"midatlantic","urban"
585,"no","male",40,2,72,"northeast","urban"
586,"no","male",36,2,84,"southcentral","rural"
587,"no","male",30,1,81,"southcentral","urban"
588,"no","male",40,4,956,"midatlantic","rural"
589,"no","male",39,1,54,"southeast","urban"
590,"no","female",42,1,77,"northeast","rural"
591,"no","male",40,2,622,"west","urban"
592,"no","female",37,2,110,"west","urban"
593,"no","male",41,1,55,"west","urban"
594,"no","male",28,1,127,"southeast","urban"
595,"no","female",43,1,56,"northeast","urban"
596,"no","male",38,1,51,"midwest","rural"
597,"no","male",34,2,58,"midwest","urban"
598,"no","female",38,1,61,"midwest","rural"
599,"yes","female",38,4,1478,"midatlantic","rural"
600,"no","male",40,1,68,"midwest","rural"
601,"yes","male",37,1,66,"midwest","urban"
602,"no","male",40,2,69,"west","rural"
603,"no","male",39,2,92,"northeast","rural"
604,"no","male",40,1,51,"northeast","rural"
605,"no","male",37,1,67,"west","urban"
606,"no","male",45,1,326,"northeast","urban"
607,"no","male",36,8,4802,"southeast","rural"
608,"no","male",41,1,132,"midatlantic","rural"
609,"no","male",36,1,63,"west","rural"
610,"no","male",38,1,71,"midatlantic","urban"
611,"no","female",34,1,71,"west","rural"
612,"no","male",35,3,1420,"northeast","urban"
613,"no","male",34,2,221,"southcentral","rural"
614,"no","male",36,2,53,"northeast","urban"
615,"no","female",38,1,75,"northeast","urban"
616,"no","male",35,2,317,"midatlantic","rural"
617,"no","female",39,2,73,"southeast","rural"
618,"no","male",43,2,62,"northeast","urban"
619,"no","male",30,2,128,"midwest","rural"
620,"yes","male",41,5,1719,"west","urban"
621,"no","male",40,1,65,"midwest","rural"
622,"no","male",32,1,75,"west","rural"
623,"no","male",37,5,2101,"northeast","urban"
624,"no","female",39,1,55,"midwest","urban"
625,"no","female",42,2,55,"midatlantic","urban"
626,"yes","female",35,2,337,"west","rural"
627,"no","male",39,4,451,"west","urban"
628,"no","male",40,2,167,"northeast","rural"
629,"no","female",39,1,57,"northeast","urban"
630,"no","male",37,1,60,"southeast","rural"
631,"yes","male",34,1,222,"southcentral","urban"
632,"no","male",33,1,219,"west","rural"
633,"no","male",38,1,70,"northeast","rural"
634,"no","male",41,2,435,"midwest","rural"
635,"no","male",44,1,71,"midatlantic","rural"
636,"no","male",40,1,77,"west","urban"
637,"no","female",36,1,129,"midwest","urban"
638,"yes","male",36,5,1653,"west","rural"
639,"no","female",34,8,7076,"midatlantic","rural"
640,"no","female",43,1,52,"southcentral","urban"
641,"no","male",41,1,101,"west","rural"
642,"no","female",32,1,67,"midwest","urban"
643,"no","female",36,1,54,"southeast","rural"
644,"no","male",50,1,111,"southcentral","urban"
645,"yes","female",35,4,1059,"midwest","urban"
646,"yes","male",52,7,3477,"southcentral","urban"
647,"no","female",32,1,52,"midwest","urban"
648,"no","male",41,2,251,"northeast","urban"
649,"no","male",37,1,554,"midwest","rural"
650,"no","male",37,1,69,"midatlantic","urban"
651,"no","male",35,1,59,"midwest","urban"
652,"no","female",35,1,69,"midatlantic","rural"
653,"no","male",40,2,81,"northeast","urban"
654,"no","female",28,4,561,"northeast","urban"
655,"no","male",37,2,172,"midatlantic","rural"
656,"no","female",39,6,2402,"midatlantic","rural"
657,"yes","male",35,1,51,"southcentral","urban"
658,"no","male",32,1,91,"northeast","rural"
659,"no","male",33,2,65,"midwest","urban"
660,"no","female",36,4,1057,"midwest","urban"
661,"no","male",44,1,84,"midwest","urban"
662,"no","male",38,2,56,"midatlantic","urban"
663,"no","male",35,1,62,"northeast","rural"
664,"no","male",47,1,55,"midwest","urban"
665,"no","male",33,2,54,"midatlantic","urban"
666,"no","male",36,1,79,"midatlantic","rural"
667,"no","female",33,1,53,"midwest","rural"
668,"no","female",33,1,74,"northeast","urban"
669,"no","male",34,2,57,"midwest","rural"
670,"yes","male",43,2,274,"midatlantic","urban"
671,"yes","male",39,1,132,"midatlantic","urban"
672,"no","male",43,2,76,"northeast","urban"
673,"yes","male",38,1,59,"midwest","urban"
674,"no","male",41,3,753,"northeast","urban"
675,"no","female",49,6,2076,"midatlantic","urban"
676,"no","female",36,1,58,"southcentral","urban"
677,"no","male",37,2,419,"northeast","rural"
678,"no","male",39,1,79,"midwest","urban"
679,"no","male",32,2,224,"southcentral","urban"
680,"no","male",38,2,199,"west","urban"
681,"no","male",38,1,60,"midwest","urban"
682,"no","male",33,1,75,"midatlantic","rural"
683,"no","male",35,1,58,"southcentral","urban"
684,"yes","female",37,1,70,"midatlantic","urban"
685,"no","male",35,1,74,"southcentral","urban"
686,"no","male",35,7,2731,"midwest","urban"
687,"no","female",38,1,68,"midatlantic","rural"
688,"no","male",37,4,457,"midatlantic","rural"
689,"no","male",36,1,55,"west","urban"
690,"no","female",38,1,268,"midatlantic","urban"
691,"no","male",40,2,100,"northeast","urban"
692,"no","female",40,1,52,"midwest","urban"
693,"yes","female",42,2,236,"northeast","urban"
694,"no","male",34,1,56,"northeast","urban"
695,"no","female",36,2,64,"midatlantic","rural"
696,"no","male",31,1,56,"midwest","urban"
697,"no","female",39,1,261,"midatlantic","urban"
698,"no","male",38,3,186,"midatlantic","rural"
699,"no","female",47,2,53,"southcentral","urban"
700,"no","male",37,1,65,"midwest","urban"
701,"no","male",43,1,52,"southcentral","urban"
702,"no","male",39,2,1064,"midwest","urban"
703,"no","female",41,3,487,"midwest","urban"
704,"yes","female",41,1,180,"northeast","urban"
705,"no","male",39,1,51,"midatlantic","rural"
706,"no","male",43,2,58,"midatlantic","rural"
707,"no","male",41,1,71,"northeast","urban"
708,"no","male",40,2,124,"midwest","urban"
709,"no","male",40,2,67,"midwest","urban"
710,"yes","male",45,1,59,"midwest","rural"
711,"yes","male",30,1,59,"northeast","urban"
712,"no","male",39,1,212,"west","urban"
713,"no","male",38,1,58,"northeast","rural"
714,"no","male",54,1,241,"midatlantic","urban"
715,"no","male",30,1,73,"midwest","rural"
716,"yes","female",43,3,73,"northeast","rural"
717,"no","male",40,1,58,"midwest","rural"
718,"yes","male",39,2,335,"west","urban"
719,"no","male",62,1,281,"midwest","urban"
720,"no","female",44,1,62,"midwest","rural"
721,"no","female",38,1,86,"southcentral","rural"
722,"no","male",35,1,68,"midatlantic","urban"
723,"no","male",37,2,55,"northeast","urban"
724,"no","male",38,1,58,"northeast","rural"
725,"no","female",37,1,84,"west","urban"
726,"no","male",40,2,156,"midatlantic","urban"
727,"no","female",40,1,130,"northeast","urban"
728,"no","female",37,2,373,"southcentral","urban"
729,"no","female",36,1,60,"midwest","urban"
730,"yes","female",41,2,52,"midwest","urban"
731,"no","female",41,2,175,"west","urban"
732,"no","male",38,1,54,"midatlantic","urban"
733,"no","male",34,5,1350,"northeast","urban"
734,"no","female",31,1,150,"northeast","urban"
735,"no","male",37,2,118,"west","urban"
736,"no","male",39,2,698,"west","rural"
737,"no","female",39,1,277,"northeast","urban"
738,"no","male",37,1,58,"southeast","urban"
739,"no","male",36,1,484,"midwest","rural"
740,"no","male",43,1,62,"midatlantic","urban"
741,"no","female",40,4,302,"midwest","rural"
742,"no","male",40,1,90,"west","rural"
743,"no","female",33,1,52,"northeast","urban"
744,"no","female",26,2,79,"midwest","rural"
745,"no","male",36,2,973,"midwest","urban"
746,"no","female",34,1,56,"midatlantic","rural"
747,"no","male",38,1,63,"midwest","urban"
748,"yes","male",39,5,2216,"midatlantic","urban"
749,"no","female",42,1,60,"southcentral","urban"
750,"no","male",32,1,68,"west","urban"
751,"no","male",43,1,61,"midwest","rural"
752,"no","male",46,7,3025,"midwest","urban"
753,"no","male",45,3,1126,"southcentral","urban"
754,"no","female",37,2,939,"midwest","urban"
755,"no","female",33,1,250,"west","urban"
756,"no","male",34,2,51,"northeast","rural"
757,"no","male",39,2,54,"northeast","rural"
758,"no","female",42,1,80,"southcentral","urban"
759,"no","female",40,1,58,"southcentral","rural"
760,"no","male",44,2,88,"northeast","urban"
761,"no","male",43,3,210,"midwest","rural"
762,"no","male",43,1,51,"southcentral","rural"
763,"no","male",35,2,274,"northeast","urban"
764,"no","female",38,1,59,"west","urban"
765,"no","male",38,1,55,"midatlantic","rural"
766,"no","female",37,2,65,"midwest","rural"
767,"no","male",35,1,56,"midatlantic","urban"
768,"no","male",32,1,55,"midwest","urban"
769,"yes","male",39,2,441,"midatlantic","rural"
770,"no","male",39,2,134,"west","urban"
771,"no","female",33,1,68,"southeast","rural"
772,"no","male",41,2,69,"northeast","rural"
773,"no","male",40,1,66,"midwest","urban"
774,"no","female",43,2,205,"midwest","urban"
775,"yes","male",42,3,183,"west","rural"
776,"no","female",42,2,194,"northeast","urban"
777,"no","female",35,2,51,"midwest","urban"
778,"no","male",38,2,141,"southcentral","urban"
779,"no","female",36,1,53,"southcentral","urban"
780,"no","female",37,1,63,"midwest","rural"
781,"no","male",43,1,51,"west","rural"
782,"yes","male",34,1,60,"midwest","urban"
783,"no","male",44,1,64,"midatlantic","urban"
784,"no","male",31,2,55,"midatlantic","urban"
785,"no","male",34,1,63,"midwest","urban"
786,"no","male",37,3,260,"northeast","rural"
787,"no","female",44,6,2297,"midatlantic","urban"
788,"no","male",35,1,66,"southeast","rural"
789,"no","male",44,3,710,"midatlantic","urban"
790,"no","male",41,2,95,"southeast","urban"
791,"no","female",37,2,65,"southcentral","rural"
792,"no","male",40,2,421,"midatlantic","urban"
793,"yes","male",34,1,61,"northeast","urban"
794,"no","male",37,2,87,"midwest","rural"
795,"no","female",43,2,176,"northeast","urban"
796,"yes","male",34,1,144,"northeast","urban"
797,"no","male",36,1,67,"midwest","urban"
798,"no","female",38,7,3046,"southcentral","urban"
799,"yes","female",38,1,65,"west","rural"
800,"no","male",36,1,52,"west","urban"
801,"yes","male",32,1,205,"west","urban"
802,"no","female",44,1,56,"southeast","rural"
803,"no","male",33,1,213,"southcentral","rural"
804,"no","male",39,2,58,"northeast","rural"
805,"yes","male",36,1,94,"midwest","urban"
806,"no","female",37,2,129,"midwest","rural"
807,"no","female",38,1,142,"southcentral","urban"
808,"no","male",44,1,76,"midwest","rural"
809,"no","female",40,1,205,"midwest","urban"
810,"no","female",39,1,388,"midwest","rural"
811,"no","male",40,1,71,"west","rural"
812,"no","female",39,2,51,"west","rural"
813,"yes","female",37,3,526,"midwest","urban"
814,"no","female",42,1,84,"northeast","urban"
815,"no","male",40,1,61,"midwest","rural"
816,"yes","male",36,1,56,"southcentral","urban"
817,"no","male",36,1,53,"midwest","urban"
818,"no","male",34,1,73,"northeast","rural"
819,"no","male",44,1,210,"northeast","urban"
820,"no","female",34,3,292,"midwest","rural"
821,"no","male",37,1,54,"midwest","urban"
822,"no","female",37,1,62,"northeast","rural"
823,"no","male",41,1,53,"west","urban"
824,"no","male",41,2,54,"west","rural"
825,"no","male",32,2,54,"west","urban"
826,"no","male",43,1,53,"west","urban"
827,"no","female",29,2,73,"midwest","urban"
828,"no","male",46,2,55,"midatlantic","urban"
829,"no","female",29,1,56,"northeast","urban"
830,"no","female",42,2,499,"southeast","urban"
831,"no","male",42,2,229,"northeast","rural"
832,"no","male",33,1,147,"midwest","urban"
833,"no","male",34,2,105,"midwest","rural"
834,"no","female",37,1,89,"west","urban"
835,"no","male",39,1,53,"midwest","rural"
836,"no","female",39,1,83,"southeast","rural"
837,"yes","female",41,1,125,"midwest","urban"
838,"no","male",36,2,51,"northeast","urban"
839,"no","male",36,2,485,"west","rural"
840,"no","female",29,2,124,"west","urban"
841,"no","male",29,2,100,"midwest","rural"
842,"no","male",42,1,841,"midatlantic","rural"
843,"no","female",39,1,271,"southeast","urban"
844,"yes","male",35,4,1304,"midwest","rural"
845,"no","male",39,2,63,"southcentral","rural"
846,"no","female",46,1,224,"northeast","urban"
847,"yes","male",33,5,1339,"midwest","urban"
848,"no","male",39,1,70,"west","urban"
849,"no","female",42,1,103,"midwest","urban"
850,"no","female",43,2,83,"northeast","urban"
851,"no","male",34,2,62,"southeast","urban"
852,"no","male",39,2,539,"midatlantic","urban"
853,"no","male",30,1,52,"midatlantic","rural"
854,"no","male",38,2,78,"midwest","urban"
855,"no","female",49,1,331,"midwest","urban"
856,"no","female",33,1,98,"midwest","rural"
857,"yes","male",41,2,257,"northeast","urban"
858,"no","male",36,2,52,"west","urban"
859,"yes","male",39,1,64,"west","urban"
860,"no","female",38,2,201,"southcentral","urban"
861,"yes","female",31,2,248,"northeast","rural"
862,"yes","female",37,1,86,"southcentral","urban"
863,"no","male",36,2,258,"northeast","urban"
864,"no","male",35,8,4287,"midwest","rural"
865,"no","male",33,2,128,"midatlantic","rural"
866,"no","female",44,1,67,"midatlantic","urban"
867,"no","male",37,6,2620,"southcentral","rural"
868,"yes","male",35,1,165,"midwest","urban"
869,"no","male",36,3,51,"northeast","urban"
870,"no","male",38,1,55,"northeast","urban"
871,"no","male",41,2,57,"midwest","rural"
872,"no","male",24,1,56,"west","rural"
873,"no","male",35,1,439,"midwest","urban"
874,"no","male",42,3,558,"midwest","rural"
875,"no","female",34,1,596,"midatlantic","rural"
876,"no","female",22,1,58,"southcentral","urban"
877,"no","female",39,1,127,"midwest","rural"
878,"yes","male",37,1,117,"northeast","rural"
879,"no","male",43,3,1589,"west","urban"
880,"no","male",34,2,70,"midatlantic","urban"
881,"no","male",37,2,112,"midwest","rural"
882,"no","female",37,2,627,"northeast","urban"
883,"no","male",31,1,54,"midwest","rural"
884,"no","male",37,1,58,"southcentral","urban"
885,"no","female",35,1,56,"northeast","urban"
886,"no","male",37,1,81,"northeast","rural"
887,"no","female",41,1,54,"midwest","urban"
888,"no","male",42,4,832,"southcentral","rural"
889,"yes","male",36,2,62,"west","rural"
890,"no","male",33,1,52,"midatlantic","rural"
891,"no","male",38,1,53,"midwest","urban"
892,"no","male",34,1,185,"west","rural"
893,"yes","female",40,2,1173,"midwest","urban"
894,"no","female",40,1,71,"midwest","rural"
895,"yes","male",34,1,63,"midwest","urban"
896,"no","male",40,2,288,"west","urban"
897,"no","female",44,1,55,"midwest","urban"
898,"no","male",45,1,62,"west","rural"
899,"yes","female",53,9,4063,"northeast","urban"
900,"no","female",32,2,484,"midwest","rural"
901,"no","female",31,2,437,"northeast","rural"
902,"no","male",39,3,454,"west","rural"
903,"no","female",38,1,73,"midwest","urban"
904,"no","male",29,1,57,"northeast","urban"
905,"no","female",37,3,907,"southcentral","rural"
906,"no","male",35,2,58,"northeast","urban"
907,"no","female",28,2,78,"northeast","urban"
908,"no","male",41,10,5330,"northeast","urban"
909,"no","male",31,1,78,"midatlantic","urban"
910,"no","male",32,1,68,"midwest","urban"
911,"yes","male",36,2,277,"midatlantic","rural"
912,"no","male",41,1,59,"midwest","urban"
913,"no","female",39,1,95,"southeast","urban"
914,"no","female",38,1,52,"midatlantic","urban"
915,"yes","male",41,3,292,"northeast","urban"
916,"no","male",37,1,61,"northeast","rural"
917,"no","female",34,1,55,"midatlantic","rural"
918,"no","female",31,1,59,"midwest","urban"
919,"yes","male",33,2,205,"southcentral","rural"
920,"yes","male",42,2,234,"northeast","urban"
921,"yes","male",35,2,95,"southeast","urban"
922,"no","female",36,1,64,"midwest","urban"
923,"yes","male",32,2,58,"midatlantic","urban"
924,"no","male",34,1,65,"midwest","urban"
925,"no","female",37,2,129,"southcentral","urban"
926,"no","male",35,2,486,"northeast","rural"
927,"yes","male",47,12,8430,"midwest","urban"
928,"no","female",40,2,308,"southeast","rural"
929,"no","male",34,2,147,"west","urban"
930,"no","male",38,2,66,"northeast","rural"
931,"no","female",44,2,87,"northeast","rural"
932,"no","female",40,1,80,"midwest","urban"
933,"no","male",40,2,51,"southeast","rural"
934,"no","female",33,1,63,"southeast","rural"
935,"no","female",30,1,55,"southeast","rural"
936,"no","male",42,1,73,"midwest","rural"
937,"no","female",34,2,57,"midatlantic","rural"
938,"no","male",38,1,187,"midwest","urban"
939,"no","male",33,1,59,"southcentral","rural"
940,"no","male",39,1,52,"southeast","urban"
941,"no","male",35,3,72,"southcentral","rural"
942,"no","male",37,1,65,"northeast","urban"
943,"yes","male",40,1,80,"west","urban"
944,"no","male",36,2,158,"northeast","urban"
945,"yes","male",38,1,53,"midwest","urban"
946,"no","male",42,2,64,"west","rural"
947,"no","male",35,1,60,"northeast","rural"
948,"no","female",40,1,56,"midatlantic","rural"
949,"no","female",34,1,83,"southcentral","urban"
950,"no","female",35,1,57,"west","urban"
951,"no","female",43,2,68,"midwest","rural"
952,"no","male",39,2,52,"northeast","urban"
953,"no","female",38,1,139,"midwest","urban"
954,"no","male",29,1,149,"west","urban"
955,"no","male",45,2,109,"midwest","urban"
956,"no","male",43,1,51,"west","urban"
957,"no","female",31,1,80,"southcentral","urban"
958,"no","male",43,4,1088,"midatlantic","urban"
959,"yes","female",31,2,54,"northeast","urban"
960,"no","male",35,1,52,"midwest","urban"
961,"no","male",36,3,234,"midwest","urban"
962,"no","male",34,1,75,"midwest","rural"
963,"no","male",41,2,51,"midatlantic","rural"
964,"yes","male",42,2,55,"southeast","rural"
965,"yes","male",40,1,56,"midwest","rural"
966,"no","male",41,1,74,"midatlantic","rural"
967,"no","male",41,2,78,"midwest","urban"
968,"no","female",40,1,55,"northeast","rural"
969,"no","male",43,2,305,"southcentral","urban"
970,"no","male",36,2,76,"northeast","urban"
971,"no","male",38,2,408,"midatlantic","urban"
972,"yes","male",38,1,51,"west","rural"
973,"yes","male",43,2,166,"southeast","urban"
974,"no","male",42,2,56,"northeast","urban"
975,"no","male",35,1,68,"midatlantic","urban"
976,"yes","male",36,1,51,"west","urban"
977,"no","male",35,2,488,"southcentral","urban"
978,"no","male",34,4,2060,"northeast","urban"
979,"no","male",34,1,110,"west","rural"
980,"no","female",37,1,81,"northeast","rural"
981,"no","male",33,2,91,"midwest","urban"
982,"no","female",30,5,2195,"northeast","rural"
983,"no","female",32,1,350,"northeast","urban"
984,"no","male",33,1,57,"west","urban"
985,"no","female",42,1,112,"southcentral","urban"
986,"no","female",36,2,273,"southeast","urban"
987,"no","female",43,1,104,"midatlantic","rural"
988,"no","male",41,4,56,"midatlantic","urban"
989,"no","male",41,2,69,"west","urban"
990,"yes","male",39,2,374,"west","urban"
991,"no","male",39,2,55,"midwest","urban"
992,"no","female",34,2,80,"midwest","urban"
993,"no","male",33,1,51,"southeast","urban"
994,"yes","female",44,2,584,"northeast","urban"
995,"no","male",38,3,328,"midatlantic","rural"
996,"no","male",37,2,184,"northeast","urban"
997,"no","male",44,1,62,"midatlantic","rural"
998,"no","male",38,1,52,"midwest","rural"
999,"yes","female",40,2,87,"southeast","rural"
1000,"yes","female",42,2,708,"southcentral","rural"
